Full Name,Email,Phone,Branch,Certificate ID,Verification Code,Direct Verification Link
"Khushal Aggarwal","khushal2009aggarwal@gmail.com","9650071118","AIML","LC-ORIG-001","547162","https://letscook.co.in/verify?code=547162"
"Ishaan Saxena","ishaansaxena0807@gmail.com","9634646697","B.Tech CSE AIML","LC-ORIG-002","748764","https://letscook.co.in/verify?code=748764"
"Samarth Yadav","saaaaam.5906@gmail.com","8953554956","Btech cs","LC-ORIG-003","207122","https://letscook.co.in/verify?code=207122"
"Saksham Pathak","saksham.pathak_cs.aiml26@gla.ac.in","7906717608","B.tech cse aiml","LC-ORIG-004","835553","https://letscook.co.in/verify?code=835553"
"Vishal Pandey","pandeyvishal2918@gmail.com","6307784013","B.tech cse AIML","LC-ORIG-005","963969","https://letscook.co.in/verify?code=963969"
"Dhara Agrawal","dhara.agrawal_cs26@gla.ac.in","7579950715","B. Tech Cs","LC-ORIG-006","725928","https://letscook.co.in/verify?code=725928"
"Dushyant","singhsisodiadushyant@gmail.com","6282083496","Btech Cse","LC-ORIG-007","291137","https://letscook.co.in/verify?code=291137"
"Harmanjit Kaur","jitharman234@gmail.com","9464070907","BTech: CSE with specialization AI&ML","LC-ORIG-008","979764","https://letscook.co.in/verify?code=979764"
"Sanjeevan M","sanjeevans408@gmail.com","9047332065","BE.CSE","LC-ORIG-009","411781","https://letscook.co.in/verify?code=411781"
"Hina Talan","hinatalan113@gmail.com","8266051925","B.Tech CS(AI/ML)","LC-ORIG-010","289551","https://letscook.co.in/verify?code=289551"
"Ansh Shukla","anshhshuklaa123@gmail.com","7267827615","CSE CORE","LC-ORIG-011","932639","https://letscook.co.in/verify?code=932639"
"Anant Jain","anantjain2145@gmail.com","8003204363","B.tech CSE- (aiml)","LC-ORIG-012","658141","https://letscook.co.in/verify?code=658141"
"Abhishek Chuadhary","abhishek.chaudhary_cs.aiml25@gla.ac.in","7417994129","B.Tech CS(AIML)","LC-ORIG-013","498616","https://letscook.co.in/verify?code=498616"
"Ananya Agrawal","ananya.agrawal_cs26@gla.ac.in","6307768077","Btech CSE","LC-ORIG-014","571962","https://letscook.co.in/verify?code=571962"
"Himank Mehariya","himankmehariya78@gmail.com","7505852542","B.tech cse hons","LC-ORIG-015","661277","https://letscook.co.in/verify?code=661277"
"Satyam Bhagat","satyambhagat078@gmail.com","7549133870","BTECH CSE(AIML)","LC-ORIG-016","219937","https://letscook.co.in/verify?code=219937"
"Bhavya Jain","bjain7829@gmail.com","7725917365","B.Tech CSE (AIML)","LC-ORIG-017","142931","https://letscook.co.in/verify?code=142931"
"Aditya Pachauri","aditya.pachauri2023@gmail.com","7895954309","BTECH CSE","LC-ORIG-018","178445","https://letscook.co.in/verify?code=178445"
"Avnish Kumar Maurya","avanishmaurya2009@gmail.com","9125959718","B TECH CSE(AL&ML)","LC-ORIG-019","673153","https://letscook.co.in/verify?code=673153"
"Divyansh Shukla","shukladivyansh929@gmail.com","7983529709","Bca core","LC-ORIG-020","407641","https://letscook.co.in/verify?code=407641"
"Harsh Tiwari","2728a8s@gmail.com","8127273700","B.TECH CSE(AIML)","LC-ORIG-021","452750","https://letscook.co.in/verify?code=452750"
"Suriyaprasanth S","suriyaprasanth495@gmail.com","9688183041","BSC (information technology)","LC-ORIG-022","110372","https://letscook.co.in/verify?code=110372"
"Abhinav Dixit","abhidixit780@gmail.com","8218563238","CS(AIML)","LC-ORIG-023","643248","https://letscook.co.in/verify?code=643248"
"Arjit Solanki","jitjaat09@gmail.com","8865881111","Btech CSE AIML","LC-ORIG-024","209212","https://letscook.co.in/verify?code=209212"
"Arya Rastogi","arya.rastogi_cs26@gla.ac.in","7454040453","B.tech CS","LC-ORIG-025","773382","https://letscook.co.in/verify?code=773382"
"Payal Shukla","kmpayalshukla@gmail.com","8577818912","B.tech CSE (AIML)","LC-ORIG-026","923299","https://letscook.co.in/verify?code=923299"
"Riddhi Kesarwani","riddhi.kesarwani_cs26@gla.ac.in","7522080005","Btech cs","LC-ORIG-027","275609","https://letscook.co.in/verify?code=275609"
"Kamalesh Ramu S V","kamaleshramu1009@gmail.com","9345389816","B.Sc. AI & ML","LC-ORIG-028","563293","https://letscook.co.in/verify?code=563293"
"Radhika Kaushik","kaushikradhika185@gmail.com","7817803517","Btech cse","LC-ORIG-029","657474","https://letscook.co.in/verify?code=657474"
"Yash Sharma","soothebites7807@gmail.com","9990074666","B.Sc. CS","LC-ORIG-030","894949","https://letscook.co.in/verify?code=894949"
"Kishan","kishan.gla_cs.aiml26@gla.ac.in","9027537047","Btech computer science","LC-ORIG-031","640894","https://letscook.co.in/verify?code=640894"
"Parameshwaran H","parameshwaran1372005@gmail.com","9025197736","B.E CSE","LC-ORIG-032","813009","https://letscook.co.in/verify?code=813009"
"Aastha Singh","aastha.singh_cs.aiml26@gla.ac.in","6398232006","B.tech","LC-ORIG-033","841669","https://letscook.co.in/verify?code=841669"
"Mahi Porwal","mahi.porwal_cs26@gla.ac.in","7817055300","Cse core","LC-ORIG-034","494568","https://letscook.co.in/verify?code=494568""Abhigyan Sharma","abhi26gyansharma@gmail.com","LC-ORIG-038","808466","https://letscook.co.in/verify?code=808466"
